2025-07-07 18:10:53,fourmi_280,extraction
2025-07-07 18:11:03,fourmi_104,analyse
2025-07-07 18:11:14,fourmi_929,surveillance
2025-07-07 19:28:19,fourmi_921,transfert
2025-07-07 19:28:22,fourmi_183,extraction
2025-07-07 19:28:22,fourmi_402,extraction
2025-07-07 19:28:22,fourmi_940,analyse
2025-07-07 19:30:21,fourmi_158,analyse
2025-07-07 19:30:21,fourmi_277,surveillance
2025-07-07 19:30:21,fourmi_621,surveillance
2025-07-07 19:30:24,Echo-312,analyse réseau
2025-07-07 19:30:24,Nova-708,impact boursier
2025-07-07 19:30:24,Shadow-228,écoute passive
2025-07-07 19:33:56,fourmi_590,analyse
